{
  "trainName": "kiha600",
  "trainType": "DC",

  "trainModel2": {
      "modelFile": "ModelTrain_kiha600.class",
      "textures": [["default", "textures/train/kiha600/kiha600.png", "Light"]]
  },
  "bogieModel2": {
      "modelFile": "ModelBogie.class",
      "textures": [["default", "textures/train/bogie.png"]]
  },

  "buttonTexture": "textures/train/kiha600/button_kiha600.png",
  "sound_Stop": "train.rtm_dc40r_stn",
  "sound_S_A": "train.rtm_dc40r_go-a",
  "sound_Acceleration": "train.rtm_dc40r_a",
  "sound_Deceleration": "train.rtm_dc40r_i",
  "sound_D_S": "train.rtm_dc40r_i-stop",
  "sound_BrakeRelease": "train.brakeR_w",
  "sound_BrakeRelease2": "train.brakeR_w",
  "sound_Horn": "train.rtm_wh_00l",

  "headLights": [
    {
      "type": 0,
      "color": 16775376,
      "pos": [0.1875, 2.5, 10.0625],
      "r": 0.5
    },
    {
      "type": 0,
      "color": 16775376,
      "pos": [-0.1875, 2.5, 10.0625],
      "r": 0.5
    },
    {
      "type": 1,
      "color": 16775376,
      "pos": [0.1875, 2.5, 10.0],
      "r": 1.25
    },
    {
      "type": 1,
      "color": 16775376,
      "pos": [-0.1875, 2.5, 10.0],
      "r": 1.25
    }
  ],

  "tailLights": [
    {
      "type": 0,
      "color": 16711760,
      "pos": [1.2125, 0.3, 10.0625],
      "r": 0.25
    },
    {
      "type": 0,
      "color": 16711760,
      "pos": [-1.2125, 0.3, 10.0625],
      "r": 0.25
    }
  ],
  "isSingleTrain": true,
  
  "interiorLights": [
    {
      "pos": [0.0, 2.5, 9.0]
    },
    {
      "pos": [0.0, 2.5, -9.0]
    }
  ],

  "seatPos": [[12, 0, 130, 0], [12, 0, 110, 1], [12, 0, 90, 1], [12, 0, 70, 1], [12, 0, 50, 1], [12, 0, 30, 1], [12, 0, 10, 1],
        [12, 0, -130, 0], [12, 0, -110, 1], [12, 0, -90, 1], [12, 0, -70, 1], [12, 0, -50, 1], [12, 0, -30, 1], [12, 0, -10, 1],
        [-12, 0, 130, 0], [-12, 0, 110, 1], [-12, 0, 90, 1], [-12, 0, 70, 1], [-12, 0, 50, 1], [-12, 0, 30, 1], [-12, 0, 10, 1],
        [-12, 0, -130, 0], [-12, 0, -110, 1], [-12, 0, -90, 1], [-12, 0, -70, 1], [-12, 0, -50, 1], [-12, 0, -30, 1], [-12, 0, -10, 1]],
  "playerPos": [
    [0.8, 0.0, 9.187],
    [-0.8, 0.0, -9.187]
  ],
  "bogiePos": [
    [0.0, 0.0, 7.125],
    [0.0, 0.0, -7.125]
  ],

  "accelerateion" : 0.0008,
  "maxSpeed": [0.40, 0.84, 0.97, 1.20, 1.39],
  "smoke": [[-1.0, 3.0, 9.0, "explode", 1, 2]],
  "tags": "ngt5479 Kiha600 Kashima"
}